,Model,F1,Recall,Precision,Accuracy
0,Tuned Decision Tree,0.41169479955025573,0.35994856959177113,0.4836713679690419,0.7916000000000001
